stage,measured_round,scenario,campaign_index,batch_elapsed_ms,admission_ms,completed_jobs_per_second,mean_accepted_latency_ms,p95_accepted_latency_ms,actual_faults,attempts,retries,terminal_failures,intervention_lateness_ms,observed_detection_ms,observed_reassignment_ms,observed_recovery_to_completion_ms,coordinator_loss_to_assignment_ms,coordinator_loss_to_completion_ms,signal_syscall_ms,replacement_launch_delay_ms,replacement_registration_ms,extra_completion_ms,overhead_percent
warmup,,no_fault,0,80288.651709,497.695834,0.39856193022124126,44880.46875,79746,0,32,0,0,6.918041,,,,,,,,,,
warmup,,sigkill,1,80689.937,499.7865,0.3965798114329919,44958.5625,79677,1,33,1,0,8.880708,12.324459,70051.0435,80069.089834,70051,80057,0.012417,0.313416,15.195334,,
warmup,,heartbeat_expiry,2,85989.762625,500.897958,0.37213732220138224,46287.125,79690,1,33,1,0,10.949833,5183.905625,70171.720542,85361.421,70161,80172,0.004042,0.565,17.719042,,
measured,1,no_fault,3,80296.831333,517.431958,0.39852132978065347,44835.03125,79649,0,32,0,0,0.375,,,,,,,,,,
measured,1,sigkill,4,80688.991208,503.662333,0.39658445992354063,44967.4375,79691,1,33,1,0,0.085333,11.119291,70041.543292,80059.154458,70049,80054,0.006,0.380417,15.697833,392.1598750000121,0.48838773397381147
measured,1,heartbeat_expiry,5,85776.548125,501.088666,0.3730623427905633,46254.09375,79647,1,33,1,0,10.362583,5197.592292,70044.443292,85245.527875,70045,80049,0.003917,0.547042,16.646291,5479.7167920000065,6.824325071153809
measured,2,sigkill,6,80604.110625,490.347625,0.39700208527671477,44964.03125,79652,1,33,1,0,0.856292,12.9225,70043.7355,80058.440125,70050,80055,0.005666,0.446541,14.369,417.89279199999874,0.521152890475922
measured,2,heartbeat_expiry,7,85788.010875,511.110667,0.37301249526144814,46290.625,79765,1,33,1,0,6.583416,5195.880125,70041.993542,85247.485125,70040,80044,0.005417,0.408083,16.269042,5601.793042000005,6.985979877073877
measured,2,no_fault,8,80186.217833,500.391458,0.39907107311938406,44851.8125,79692,0,32,0,0,9.934167,,,,,,,,,,
measured,3,heartbeat_expiry,9,85961.780792,493.450959,0.3722584584122304,46259.6875,79653,1,33,1,0,1.92125,5204.533042,70042.650958,85260.362917,70042,80047,0.004542,0.890833,19.330625,5697.645959000001,7.098620038519939
measured,3,no_fault,10,80264.134833,501.748375,0.3986836719361664,44854.6875,79708,0,32,0,0,8.81275,,,,,,,,,,
measured,3,sigkill,11,80804.753208,496.544458,0.39601630757572653,44971.65625,79688,1,33,1,0,5.890417,10.702333,70046.177792,80104.50875,70050,80104,0.005708,0.401,15.613917,540.6183749999909,0.6735491214411242
measured,4,heartbeat_expiry,12,86049.44475,533.77775,0.3718792154088827,46260.5,79682,1,33,1,0,11.274292,5189.582917,70148.067458,85332.422,70140,80146,0.003625,0.397125,16.184542,5691.1535,7.0822231427177105
measured,4,sigkill,13,80685.931333,504.6525,0.39659949970624203,44965.8125,79717,1,33,1,0,0.380625,0.687583,70099.41875,80101.640916,70088,80094,0.006333,0.332542,15.429583,327.6400830000057,0.407724054236912
measured,4,no_fault,14,80358.29125,500.043875,0.39821653126552764,44842.28125,79672,0,32,0,0,7.668959,,,,,,,,,,
measured,5,sigkill,15,80709.62575,495.492042,0.39648306757264323,44957.03125,79644,1,33,1,0,4.712583,12.88825,70046.406958,80065.50375,70052,80057,0.010166,0.3145,15.307166,477.08616600000823,0.5946292719558249
measured,5,no_fault,16,80232.539584,507.746917,0.3988406719507786,44866.125,79720,0,32,0,0,3.328708,,,,,,,,,,
measured,5,heartbeat_expiry,17,85939.139583,550.255625,0.3723565322537865,46285.875,79724,1,33,1,0,0.442083,5195.319208,70113.678917,85312.438041,70114,80119,0.004875,0.329958,18.245792,5706.599998999998,7.112575556735849
