stage,round,workers,batch_seconds,jobs_per_second,mean_job_latency_seconds,p95_job_latency_seconds,completed,retries,evidence_path
warmup,,1,57.185825459,1.119158453800505,28.0408125,52.678,64,0,00-warmup-w1
warmup,,2,29.604016708,2.1618687974427826,14.383203125,26.975,64,0,01-warmup-w2
warmup,,4,16.838166249999997,3.8008889477498777,7.930265625,14.507,64,0,02-warmup-w4
warmup,,8,14.411426208,4.440920633134327,6.697859375,12.013,64,0,03-warmup-w8
measured,1,1,58.23695549999999,1.098958547034623,28.471515625,53.682,64,0,04-measured-r1-w1
measured,1,2,29.995975667,2.13361954651835,14.485875,27.257,64,0,05-measured-r1-w2
measured,1,4,17.106696667,3.741224927630851,8.2140625,14.915,64,0,06-measured-r1-w4
measured,1,8,14.129697458,4.529467116351048,6.717328125,11.801,64,0,07-measured-r1-w8
measured,2,2,29.80827325,2.1470549287855847,14.45709375,27.158,64,0,08-measured-r2-w2
measured,2,4,17.70032625,3.6157525627529044,8.53628125,15.509,64,0,09-measured-r2-w4
measured,2,8,16.061150667,3.9847705389812096,7.867734375,13.83,64,0,10-measured-r2-w8
measured,2,1,60.805052875,1.052544105694111,30.5730625,56.21,64,0,11-measured-r2-w1
measured,3,4,16.6730175,3.838537325352174,7.89425,14.363,64,0,12-measured-r3-w4
measured,3,8,13.851449541,4.620455051333172,6.694515625,11.594,64,0,13-measured-r3-w8
measured,3,1,59.007737083,1.084603531058612,29.076078125,54.558,64,0,14-measured-r3-w1
measured,3,2,29.856180291,2.1436097778151644,14.497515625,27.127,64,0,15-measured-r3-w2
measured,4,8,13.888065625,4.608273155391286,6.67721875,11.537,64,0,16-measured-r4-w8
measured,4,1,58.643261584,1.0913444830882584,28.731515625,54.148,64,0,17-measured-r4-w1
measured,4,2,29.930995125000003,2.1382516596163454,14.427265625,27.045,64,0,18-measured-r4-w2
measured,4,4,16.923675125000003,3.7816845057169575,7.89371875,14.399,64,0,19-measured-r4-w4
measured,5,1,59.389398875,1.0776334028014694,29.096,54.567,64,0,20-measured-r5-w1
measured,5,4,16.716990833,3.828440216265566,7.8775625,14.437,64,0,21-measured-r5-w4
measured,5,2,29.712025584,2.154009992319883,14.327046875,26.796,64,0,22-measured-r5-w2
measured,5,8,13.941862666999999,4.590491351739264,6.72778125,11.592,64,0,23-measured-r5-w8
